{"cameraMode":{"drawMode":0,"name":"Shaded","section":"Shading Mode"},"sceneLighting":false,"audioPlay":false,"sceneViewState":{"showFog":true,"showMaterialUpdate":true,"showSkybox":true,"showFlares":true,"showImageEffects":true,"showParticleSystems":true},"in2DMode":false,"pivot":{"x":0.0,"y":0.49727290868759158,"z":0.07613280415534973},"rotation":{"x":0.1342284083366394,"y":-0.8114508986473084,"z":0.20533296465873719,"w":0.5304418206214905},"size":2.6390326023101808,"orthographic":false}