{"cameraMode":{"drawMode":0,"name":"Shaded","section":"Shading Mode"},"sceneLighting":false,"audioPlay":false,"sceneViewState":{"showFog":true,"showMaterialUpdate":true,"showSkybox":true,"showFlares":true,"showImageEffects":true,"showParticleSystems":true},"in2DMode":false,"pivot":{"x":2.4283933639526369,"y":-0.000002384185791015625,"z":0.18262863159179688},"rotation":{"x":0.1193293109536171,"y":0.008967380039393902,"z":0.0010768455686047674,"w":-0.9928137063980103},"size":22.0,"orthographic":false}