{"cameraMode":{"drawMode":0,"name":"Shaded","section":"Shading Mode"},"sceneLighting":false,"audioPlay":false,"sceneViewState":{"showFog":true,"showMaterialUpdate":true,"showSkybox":true,"showFlares":true,"showImageEffects":true,"showParticleSystems":true},"in2DMode":false,"pivot":{"x":0.0,"y":0.7999998927116394,"z":0.06999959796667099},"rotation":{"x":-0.003137055551633239,"y":-0.9904000163078308,"z":-0.02275855280458927,"w":0.13630911707878114},"size":5.760745048522949,"orthographic":false}