{"cameraMode":{"drawMode":0,"name":"Shaded","section":"Shading Mode"},"sceneLighting":true,"audioPlay":false,"sceneViewState":{"showFog":true,"showMaterialUpdate":true,"showSkybox":true,"showFlares":true,"showImageEffects":true,"showParticleSystems":true},"in2DMode":false,"pivot":{"x":4.894730567932129,"y":-0.7953292727470398,"z":15.774189949035645},"rotation":{"x":-0.005442793481051922,"y":-0.9940600395202637,"z":0.05941426381468773,"w":-0.09102199971675873},"size":27.8159236907959,"orthographic":false}