{"cameraMode":{"drawMode":0,"name":"Shaded","section":"Shading Mode"},"sceneLighting":false,"audioPlay":false,"sceneViewState":{"showFog":true,"showMaterialUpdate":true,"showSkybox":true,"showFlares":true,"showImageEffects":true,"showParticleSystems":true},"in2DMode":false,"pivot":{"x":-29.658830642700197,"y":-16.385534286499025,"z":-46.989112854003909},"rotation":{"x":-0.08075188845396042,"y":0.8896558284759522,"z":-0.17323437333106996,"w":-0.4147064685821533},"size":76.54183959960938,"orthographic":false}