{"cameraMode":{"drawMode":0,"name":"Shaded","section":"Shading Mode"},"sceneLighting":false,"audioPlay":false,"sceneViewState":{"showFog":true,"showMaterialUpdate":true,"showSkybox":true,"showFlares":true,"showImageEffects":true,"showParticleSystems":true},"in2DMode":false,"pivot":{"x":-0.3713514804840088,"y":1.0800927877426148,"z":1.9049136638641358},"rotation":{"x":0.06930816173553467,"y":-0.9028261303901672,"z":0.15903688967227937,"w":0.3934573829174042},"size":4.041658401489258,"orthographic":false}